{
	"name": "MyCompendium",
	"title": "MyCompendium",
	"description": "For easy game",
	"systems": ["dnd5e"],
	"author": "Yamatan0kokh",
	"version": "1.0.0",
	"minimumCoreVersion": "0.7.9",
	"compatibleCoreVersion": "0.7.9",
	"url": "",
	"manifest": "file:///C:/Users/admin/AppData/Local/FoundryVTT/Data/modules/MyCompedium/module.json",
	"download": "file:///C:/Users/admin/AppData/Local/FoundryVTT/Data/modules/MyCompedium/MyCompedium.zip",
	"packs": [
		{
			"name": "My_monstry",
			"module": "MyCompendium",
			"label": "MyCompendium",
			"system": "dnd5e",
			"path": "./packs/My_monstry.db",
			"entity": "Actor"
		},
		{
			"name": "My_podklassy",
			"module": "MyCompendium",
			"label": "MyCompendium",
			"system": "dnd5e",
			"path": "./packs/My_podklassy.db",
			"entity": "Item"
		},
		{
			"name": "My_predmety",
			"module": "MyCompendium",
			"label": "MyCompendium",
			"system": "dnd5e",
			"path": "./packs/My_predmety.db",
			"entity": "Item"
		},
		{
			"name": "My_umeniya",
			"module": "MyCompendium",
			"label": "MyCompendium",
			"system": "dnd5e",
			"path": "./packs/My_umeniya.db",
			"entity": "Item"
		}
	]
}

